Name,Phone,Email,Birthday
Sean Solis,609-555-9647,wparsons@beck.com,10/18/1985
Melissa Ramsey,609-555-1564,aprilmunoz@garrett.biz,2/10/1920
Heather Clayton,609-555-2382,alejandragarcia@roman-henderson.info,1/1/1920
Peter Clark,609-555-5561,sandragill@chan.org,10/25/1996
Elizabeth Wilson,609-555-9018,pattersonvalerie@hernandez.com,5/1/2001
David Ponce,609-555-6731,john13@ramos.org,8/2/2003
Luke Harvey,609-555-8934,melanie75@simpson.info,10/6/1996
Katelyn Hanson,609-555-4402,michellekelley@yahoo.com,6/1/1996
Raymond Oconnor,609-555-8125,jonathan47@martin.com,8/25/2007
Andrew Thomas,609-555-7520,nbrock@black-compton.com,12/1/2000
Benjamin Ward,609-555-4955,lisarussell@green-smith.net,1/26/2006
Amanda Thompson,609-555-4579,eduardoadams@yahoo.com,8/7/2006
Ashley Barton,609-555-1443,johnmccoy@yahoo.com,6/5/2004
Amber Gibson,609-555-8370,mcclurebrian@yahoo.com,5/4/2005
Katherine Gillespie,609-555-8589,manuel05@hotmail.com,8/12/2003
Ashley Smith,609-555-7918,josephvillanueva@johnson.biz,8/9/2001
Mark Collins,609-555-4131,thompsondarrell@hunt.info,12/5/1997
Jeffrey Tucker,609-555-1547,christine38@skinner.com,6/6/2006
Stephen Franklin,609-555-5604,tammy69@yahoo.com,9/8/2004
Robin Thomas,609-555-8956,rlewis@watts.info,7/11/2011